"ID","CLASS","METHOD","LABEL","OD","THICK","WIDTH","DEPTH","WEBTHICK","FLANGETHICK","ROOTRADIUS","ROOTCHAMFER","TOERADIUS","RADIUS","LIP","FLANGE","EXT"
"#X#1","SZCOSection-Pipe","Make","76.1x3.2 CHS - C350","76.1","3.2",,,,,,,,,,,
"#X#2","SZCOSection-Pipe","Make","76.1x3.6 CHS - C250","76.1","3.6",,,,,,,,,,,
"#X#3","SZCOSection-Pipe","Make","76.1x4.5 CHS - C250","76.1","4.5",,,,,,,,,,,
"#X#4","SZCOSection-Pipe","Make","76.1x5.9 CHS - C250","76.1","5.9",,,,,,,,,,,
"#X#5","SZCOSection-Pipe","Make","88.9x2.6 CHS - C350","88.9","2.6",,,,,,,,,,,
"#X#6","SZCOSection-Pipe","Make","88.9x3.2 CHS - C350","88.9","3.2",,,,,,,,,,,
"#X#7","SZCOSection-Pipe","Make","88.9x4.0 CHS - C250","88.9","4",,,,,,,,,,,
"#X#8","SZCOSection-Pipe","Make","88.9x4.8 CHS - C350","88.9","4.8",,,,,,,,,,,
"#X#9","SZCOSection-Pipe","Make","88.9x5.0 CHS - C250","88.9","5",,,,,,,,,,,
"#X#10","SZCOSection-Pipe","Make","88.9x5.5 CHS - C350","88.9","5.5",,,,,,,,,,,
"#X#11","SZCOSection-Pipe","Make","88.9x5.9 CHS - C250","88.9","5.9",,,,,,,,,,,
"#X#12","SZCOSection-Pipe","Make","101.6x2.6 CHS - C350","101.6","2.6",,,,,,,,,,,
"#X#13","SZCOSection-Pipe","Make","101.6x3.2 CHS - C350","101.6","3.2",,,,,,,,,,,
"#X#14","SZCOSection-Pipe","Make","101.6x4.0 CHS - C250","101.6","4",,,,,,,,,,,
"#X#15","SZCOSection-Pipe","Make","101.6x5.0 CHS - C250","101.6","5",,,,,,,,,,,
"#X#16","SZCOSection-Pipe","Make","114.3x3.2 CHS - C350","114.3","3.2",,,,,,,,,,,
"#X#17","SZCOSection-Pipe","Make","114.3x3.6 CHS - C350","114.3","3.6",,,,,,,,,,,
"#X#18","SZCOSection-Pipe","Make","114.3x4.5 CHS - C250","114.3","4.5",,,,,,,,,,,
"#X#19","SZCOSection-Pipe","Make","114.3x4.8 CHS - C350","114.3","4.8",,,,,,,,,,,
"#X#20","SZCOSection-Pipe","Make","114.3x5.4 CHS - C250","114.3","5.4",,,,,,,,,,,
"#X#21","SZCOSection-Pipe","Make","114.3x6.0 CHS - C350","114.3","6",,,,,,,,,,,
"#X#22","SZCOSection-Pipe","Make","139.7x3.0 CHS - C350","139.7","3",,,,,,,,,,,
"#X#23","SZCOSection-Pipe","Make","139.7x3.5 CHS - C350","139.7","3.5",,,,,,,,,,,
"#X#24","SZCOSection-Pipe","Make","139.7x5.0 CHS - C250","139.7","5",,,,,,,,,,,
"#X#25","SZCOSection-Pipe","Make","139.7x5.4 CHS - C250","139.7","5.4",,,,,,,,,,,
"#X#26","SZCOSection-Pipe","Make","165.1x3.0 CHS - C350","165.1","3",,,,,,,,,,,
"#X#27","SZCOSection-Pipe","Make","165.1x3.5 CHS - C350","165.1","3.5",,,,,,,,,,,
"#X#28","SZCOSection-Pipe","Make","165.1x5.0 CHS - C250","165.1","5",,,,,,,,,,,
"#X#29","SZCOSection-Pipe","Make","165.1x5.4 CHS - C250","165.1","5.4",,,,,,,,,,,
"#X#30","SZCOSection-Pipe","Make","168.3x4.8 CHS - C350","168.3","4.8",,,,,,,,,,,
"#X#31","SZCOSection-Pipe","Make","168.3x6.4 CHS - C350","168.3","6.4",,,,,,,,,,,
"#X#32","SZCOSection-Pipe","Make","168.3x7.1 CHS - C350","168.3","7.1",,,,,,,,,,,
"#X#33","SZCOSection-Pipe","Make","219.1x4.8 CHS - C350","219.1","4.8",,,,,,,,,,,
"#X#34","SZCOSection-Pipe","Make","219.1x6.4 CHS - C350","219.1","6.4",,,,,,,,,,,
"#X#35","SZCOSection-Pipe","Make","219.1x8.2 CHS - C350","219.1","8.2",,,,,,,,,,,
"#X#36","SZCOSection-Pipe","Make","273.1x4.8 CHS - C350","273.1","4.8",,,,,,,,,,,
"#X#37","SZCOSection-Pipe","Make","273.1x6.4 CHS - C350","273.1","6.4",,,,,,,,,,,
"#X#38","SZCOSection-Pipe","Make","273.1x9.3 CHS - C350","273.1","9.3",,,,,,,,,,,
"#X#39","SZCOSection-Pipe","Make","323.9x6.4 CHS - C350","323.9","6.4",,,,,,,,,,,
"#X#40","SZCOSection-Pipe","Make","323.9x9.5 CHS - C350","323.9","9.5",,,,,,,,,,,
"#X#41","SZCOSection-Pipe","Make","323.9x12.7 CHS - C350","323.9","12.7",,,,,,,,,,,
"#X#42","SZCOSection-Pipe","Make","355.6x6.4 CHS - C350","355.6","6.4",,,,,,,,,,,
"#X#43","SZCOSection-Pipe","Make","355.6x9.5 CHS - C350","355.6","9.5",,,,,,,,,,,
"#X#44","SZCOSection-Pipe","Make","355.6x12.7 CHS - C350","355.6","12.7",,,,,,,,,,,
"#X#45","SZCOSection-Pipe","Make","406.4x6.4 CHS - C350","406.4","6.4",,,,,,,,,,,
"#X#46","SZCOSection-Pipe","Make","406.4x9.5 CHS - C350","406.4","9.5",,,,,,,,,,,
"#X#47","SZCOSection-Pipe","Make","406.4x12.7 CHS - C350","406.4","12.7",,,,,,,,,,,
"#X#48","SZCOSection-Pipe","Make","457.0x6.4 CHS - C350","457","6.4",,,,,,,,,,,
"#X#49","SZCOSection-Pipe","Make","457.0x9.5 CHS - C350","457","9.5",,,,,,,,,,,
"#X#50","SZCOSection-Pipe","Make","457.0x12.7 CHS - C350","457","12.7",,,,,,,,,,,
"#X#51","SZCOSection-Pipe","Make","508.0x6.4 CHS - C250","508","6.4",,,,,,,,,,,
"#X#52","SZCOSection-Pipe","Make","508.0x9.5 CHS - C250","508","9.5",,,,,,,,,,,
"#X#53","SZCOSection-Pipe","Make","508.0x12.7 CHS - C250","508","12.7",,,,,,,,,,,
"#X#54","SZCOSection-Pipe","Make","610.0x6.4 CHS - C250","610","6.4",,,,,,,,,,,
"#X#55","SZCOSection-Pipe","Make","610.0x9.5 CHS - C250","610","9.5",,,,,,,,,,,
"#X#56","SZCOSection-Pipe","Make","610.0x12.7 CHS - C250","610","12.7",,,,,,,,,,,
"#X#57","SZCOSection-Pipe","Make","13.5x2.3 CHS - C250","13.5","2.3",,,,,,,,,,,
"#X#58","SZCOSection-Pipe","Make","13.5x2.9 CHS - C250","13.5","2.9",,,,,,,,,,,
"#X#59","SZCOSection-Pipe","Make","17.2x2.3 CHS - C250","17.2","2.3",,,,,,,,,,,
"#X#60","SZCOSection-Pipe","Make","17.2x2.9 CHS - C250","17.2","2.9",,,,,,,,,,,
"#X#61","SZCOSection-Pipe","Make","21.3x2.0 CHS - C350","21.3","2",,,,,,,,,,,
"#X#62","SZCOSection-Pipe","Make","21.3x2.6 CHS - C250","21.3","2.6",,,,,,,,,,,
"#X#63","SZCOSection-Pipe","Make","21.3x3.2 CHS - C250","21.3","3.2",,,,,,,,,,,
"#X#64","SZCOSection-Pipe","Make","21.3x3.6 CHS - C250","21.3","3.6",,,,,,,,,,,
"#X#65","SZCOSection-Pipe","Make","26.9x2.0 CHS - C350","26.9","2",,,,,,,,,,,
"#X#66","SZCOSection-Pipe","Make","26.9x2.3 CHS - C350","26.9","2.3",,,,,,,,,,,
"#X#67","SZCOSection-Pipe","Make","26.9x2.6 CHS - C250","26.9","2.6",,,,,,,,,,,
"#X#68","SZCOSection-Pipe","Make","26.9x3.2 CHS - C250","26.9","3.2",,,,,,,,,,,
"#X#69","SZCOSection-Pipe","Make","26.9x4.0 CHS - C250","26.9","4",,,,,,,,,,,
"#X#70","SZCOSection-Pipe","Make","33.7x2.0 CHS - C350","33.7","2",,,,,,,,,,,
"#X#71","SZCOSection-Pipe","Make","33.7x2.6 CHS - C350","33.7","2.6",,,,,,,,,,,
"#X#72","SZCOSection-Pipe","Make","33.7x3.2 CHS - C250","33.7","3.2",,,,,,,,,,,
"#X#73","SZCOSection-Pipe","Make","33.7x4.0 CHS - C250","33.7","4",,,,,,,,,,,
"#X#74","SZCOSection-Pipe","Make","33.7x4.5 CHS - C250","33.7","4.5",,,,,,,,,,,
"#X#75","SZCOSection-Pipe","Make","42.4x2.0 CHS - C350","42.4","2",,,,,,,,,,,
"#X#76","SZCOSection-Pipe","Make","42.4x2.6 CHS - C350","42.4","2.6",,,,,,,,,,,
"#X#77","SZCOSection-Pipe","Make","42.4x3.2 CHS - C250","42.4","3.2",,,,,,,,,,,
"#X#78","SZCOSection-Pipe","Make","42.4x4.0 CHS - C250","42.4","4",,,,,,,,,,,
"#X#79","SZCOSection-Pipe","Make","42.4x4.9 CHS - C250","42.4","4.9",,,,,,,,,,,
"#X#80","SZCOSection-Pipe","Make","48.3x2.3 CHS - C350","48.3","2.3",,,,,,,,,,,
"#X#81","SZCOSection-Pipe","Make","48.3x2.9 CHS - C350","48.3","2.9",,,,,,,,,,,
"#X#82","SZCOSection-Pipe","Make","48.3x3.2 CHS - C250","48.3","3.2",,,,,,,,,,,
"#X#83","SZCOSection-Pipe","Make","48.3x4.0 CHS - C250","48.3","4",,,,,,,,,,,
"#X#84","SZCOSection-Pipe","Make","48.3x5.4 CHS - C250","48.3","5.4",,,,,,,,,,,
"#X#85","SZCOSection-Pipe","Make","60.3x2.3 CHS - C350","60.3","2.3",,,,,,,,,,,
"#X#86","SZCOSection-Pipe","Make","60.3x2.9 CHS - C350","60.3","2.9",,,,,,,,,,,
"#X#87","SZCOSection-Pipe","Make","60.3x3.6 CHS - C250","60.3","3.6",,,,,,,,,,,
"#X#88","SZCOSection-Pipe","Make","60.3x4.5 CHS - C250","60.3","4.5",,,,,,,,,,,
"#X#89","SZCOSection-Pipe","Make","60.3x5.4 CHS - C250","60.3","5.4",,,,,,,,,,,
"#X#90","SZCOSection-Pipe","Make","76.1x2.3 CHS - C350","76.1","2.3",,,,,,,,,,,
"#X#91","SZGEShape-UniversalI","Make","610UB125",,,"229","612","11.9","19.6","14",,,,,,
"#X#92","SZGEShape-UniversalI","Make","610UB113",,,"228","607","11.2","17.3","14",,,,,,
"#X#93","SZGEShape-UniversalI","Make","610UB101",,,"228","602","10.6","14.8","14",,,,,,
"#X#94","SZGEShape-UniversalI","Make","530UB92.4",,,"209","533","10.2","15.6","14",,,,,,
"#X#95","SZGEShape-UniversalI","Make","530UB82.0",,,"209","528","9.6","13.2","14",,,,,,
"#X#96","SZGEShape-UniversalI","Make","460UB82.1",,,"191","460","9.9","16","11.4",,,,,,
"#X#97","SZGEShape-UniversalI","Make","460UB74.6",,,"190","457","9.1","14.5","11.4",,,,,,
"#X#98","SZGEShape-UniversalI","Make","460UB67.1",,,"190","454","8.5","12.7","11.4",,,,,,
"#X#99","SZGEShape-UniversalI","Make","410UB59.7",,,"178","406","7.8","12.8","11.4",,,,,,
"#X#100","SZGEShape-UniversalI","Make","410UB53.7",,,"178","403","7.6","10.9","11.4",,,,,,
"#X#101","SZGEShape-UniversalI","Make","360UB56.7",,,"172","359","8","13","11.4",,,,,,
"#X#102","SZGEShape-UniversalI","Make","360UB50.7",,,"171","356","7.3","11.5","11.4",,,,,,
"#X#103","SZGEShape-UniversalI","Make","360UB44.7",,,"171","352","6.9","9.7","11.4",,,,,,
"#X#104","SZGEShape-UniversalI","Make","310UB46.2",,,"166","307","6.7","11.8","11.4",,,,,,
"#X#105","SZGEShape-UniversalI","Make","310UB40.4",,,"165","304","6.1","10.2","11.4",,,,,,
"#X#106","SZGEShape-UniversalI","Make","310UB32.0",,,"149","298","5.5","8","13",,,,,,
"#X#107","SZGEShape-UniversalI","Make","250UB37.3",,,"146","256","6.4","10.9","8.9",,,,,,
"#X#108","SZGEShape-UniversalI","Make","250UB31.4",,,"146","252","6.1","8.6","8.9",,,,,,
"#X#109","SZGEShape-UniversalI","Make","250UB25.7",,,"124","248","5","8","12",,,,,,
"#X#110","SZGEShape-UniversalI","Make","200UB29.8",,,"134","207","6.3","9.6","8.9",,,,,,
"#X#111","SZGEShape-UniversalI","Make","200UB25.4",,,"133","203","5.8","7.8","8.9",,,,,,
"#X#112","SZGEShape-UniversalI","Make","200UB22.3",,,"133","202","5","7","8.9",,,,,,
"#X#113","SZGEShape-UniversalI","Make","200UB18.2",,,"99","198","4.5","7","11",,,,,,
"#X#114","SZGEShape-UniversalI","Make","180UB22.2",,,"90","179","6","10","8.9",,,,,,
"#X#115","SZGEShape-UniversalI","Make","180UB18.1",,,"90","175","5","8","8.9",,,,,,
"#X#116","SZGEShape-UniversalI","Make","180UB16.1",,,"90","173","4.5","7","8.9",,,,,,
"#X#117","SZGEShape-UniversalI","Make","150UB18.0",,,"75","155","6","9.5","8",,,,,,
"#X#118","SZGEShape-UniversalI","Make","150UB14.0",,,"75","150","5","7","8",,,,,,
"#X#119","SZGEShape-UniversalI","Make","310UC158",,,"311","327","15.7","25","16.5",,,,,,
"#X#120","SZGEShape-UniversalI","Make","310UC137",,,"309","321","13.8","21.7","16.5",,,,,,
"#X#121","SZGEShape-UniversalI","Make","310UC118",,,"307","315","11.9","18.7","16.5",,,,,,
"#X#122","SZGEShape-UniversalI","Make","310UC96.8",,,"305","308","9.9","15.4","16.5",,,,,,
"#X#123","SZGEShape-UniversalI","Make","250UC89.5",,,"256","260","10.5","17.3","14",,,,,,
"#X#124","SZGEShape-UniversalI","Make","250UC72.9",,,"254","254","8.6","14.2","14",,,,,,
"#X#125","SZGEShape-UniversalI","Make","200UC59.3",,,"205","210","9.3","14.2","11.4",,,,,,
"#X#126","SZGEShape-UniversalI","Make","200UC52.2",,,"204","206","8","12.5","11.4",,,,,,
"#X#127","SZGEShape-UniversalI","Make","200UC46.2",,,"203","203","7.3","11","11.4",,,,,,
"#X#128","SZGEShape-UniversalI","Make","150UC37.2",,,"154","162","8.1","11.5","8.9",,,,,,
"#X#129","SZGEShape-UniversalI","Make","150UC30.0",,,"153","158","6.6","9.4","8.9",,,,,,
"#X#130","SZGEShape-UniversalI","Make","150UC23.4",,,"152","152","6.1","6.8","8.9",,,,,,
"#X#131","SZGEShape-WeldedI","Make","1200WB455",,,"500","1200","16","40",,"6",,,,,
"#X#132","SZGEShape-WeldedI","Make","1200WB423",,,"500","1192","16","36",,"6",,,,,
"#X#133","SZGEShape-WeldedI","Make","1200WB392",,,"500","1184","16","32",,"6",,,,,
"#X#134","SZGEShape-WeldedI","Make","1200WB342",,,"400","1184","16","32",,"6",,,,,
"#X#135","SZGEShape-WeldedI","Make","1200WB317",,,"400","1176","16","28",,"6",,,,,
"#X#136","SZGEShape-WeldedI","Make","1200WB278",,,"350","1170","16","25",,"6",,,,,
"#X#137","SZGEShape-WeldedI","Make","1200WB249",,,"275","1170","16","25",,"6",,,,,
"#X#138","SZGEShape-WeldedI","Make","1000WB322",,,"400","1024","16","32",,"6",,,,,
"#X#139","SZGEShape-WeldedI","Make","1000WB296",,,"400","1016","16","28",,"6",,,,,
"#X#140","SZGEShape-WeldedI","Make","1000WB258",,,"350","1010","16","25",,"6",,,,,
"#X#141","SZGEShape-WeldedI","Make","1000WB215",,,"300","1000","16","20",,"6",,,,,
"#X#142","SZGEShape-WeldedI","Make","900WB282",,,"400","924","12","32",,"6",,,,,
"#X#143","SZGEShape-WeldedI","Make","900WB257",,,"400","916","12","28",,"6",,,,,
"#X#144","SZGEShape-WeldedI","Make","900WB218",,,"350","910","12","25",,"6",,,,,
"#X#145","SZGEShape-WeldedI","Make","900WB175",,,"300","900","12","20",,"6",,,,,
"#X#146","SZGEShape-WeldedI","Make","800WB192",,,"300","816","10","28",,"6",,,,,
"#X#147","SZGEShape-WeldedI","Make","800WB168",,,"275","810","10","25",,"6",,,,,
"#X#148","SZGEShape-WeldedI","Make","800WB146",,,"275","800","10","20",,"6",,,,,
"#X#149","SZGEShape-WeldedI","Make","800WB122",,,"250","792","10","16",,"6",,,,,
"#X#150","SZGEShape-WeldedI","Make","700WB173",,,"275","716","10","28",,"6",,,,,
"#X#151","SZGEShape-WeldedI","Make","700WB150",,,"250","710","10","25",,"6",,,,,
"#X#152","SZGEShape-WeldedI","Make","700WB130",,,"250","700","10","20",,"6",,,,,
"#X#153","SZGEShape-WeldedI","Make","700WB115",,,"250","692","10","16",,"6",,,,,
"#X#154","SZGEShape-WeldedI","Make","500WC440",,,"500","480","40","40",,"6",,,,,
"#X#155","SZGEShape-WeldedI","Make","500WC414",,,"500","480","32","40",,"6",,,,,
"#X#156","SZGEShape-WeldedI","Make","500WC383",,,"500","472","32","36",,"6",,,,,
"#X#157","SZGEShape-WeldedI","Make","500WC340",,,"500","514","25","32",,"6",,,,,
"#X#158","SZGEShape-WeldedI","Make","500WC290",,,"500","506","20","28",,"6",,,,,
"#X#159","SZGEShape-WeldedI","Make","500WC267",,,"500","500","20","25",,"6",,,,,
"#X#160","SZGEShape-WeldedI","Make","500WC228",,,"500","490","20","20",,"6",,,,,
"#X#161","SZGEShape-WeldedI","Make","400WC361",,,"400","430","40","40",,"6",,,,,
"#X#162","SZGEShape-WeldedI","Make","400WC328",,,"400","430","28","40",,"6",,,,,
"#X#163","SZGEShape-WeldedI","Make","400WC303",,,"400","422","28","36",,"6",,,,,
"#X#164","SZGEShape-WeldedI","Make","400WC270",,,"400","414","25","32",,"6",,,,,
"#X#165","SZGEShape-WeldedI","Make","400WC212",,,"400","400","20","25",,"6",,,,,
"#X#166","SZGEShape-WeldedI","Make","400WC181",,,"400","390","20","20",,"6",,,,,
"#X#167","SZGEShape-WeldedI","Make","400WC144",,,"400","382","16","16",,"6",,,,,
"#X#168","SZGEShape-WeldedI","Make","350WC280",,,"350","355","28","40",,"6",,,,,
"#X#169","SZGEShape-WeldedI","Make","350WC258",,,"350","347","28","36",,"6",,,,,
"#X#170","SZGEShape-WeldedI","Make","350WC230",,,"350","339","25","32",,"6",,,,,
"#X#171","SZGEShape-WeldedI","Make","350WC197",,,"350","331","20","28",,"6",,,,,
"#X#172","SZGEShape-ParallelChannel","Make","380PFC",,,"100","380","10","17.5","14",,,,,,
"#X#173","SZGEShape-ParallelChannel","Make","300PFC",,,"90","300","8","16","14",,,,,,
"#X#174","SZGEShape-ParallelChannel","Make","250PFC",,,"90","250","8","15","12",,,,,,
"#X#175","SZGEShape-ParallelChannel","Make","230PFC",,,"75","230","6.5","12","12",,,,,,
"#X#176","SZGEShape-ParallelChannel","Make","200PFC",,,"75","200","6","12","12",,,,,,
"#X#177","SZGEShape-ParallelChannel","Make","180PFC",,,"75","180","6","11","12",,,,,,
"#X#178","SZGEShape-ParallelChannel","Make","150PFC",,,"75","150","6","9.5","10",,,,,,
"#X#179","SZGEShape-ParallelChannel","Make","125PFC",,,"65","125","4.7","7.5","8",,,,,,
"#X#180","SZGEShape-ParallelChannel","Make","100PFC",,,"50","100","4.2","6.7","8",,,,,,
"#X#181","SZGEShape-ParallelChannel","Make","75PFC",,,"40","75","3.8","6.1","8",,,,,,
"#X#182","SZGEShape-HotAngle","Make","200x200x26 EA",,,"200","200","26","26","18",,"5",,,,
"#X#183","SZGEShape-HotAngle","Make","200x200x20 EA",,,"200","200","20","20","18",,"5",,,,
"#X#184","SZGEShape-HotAngle","Make","200x200x18 EA",,,"200","200","18","18","18",,"5",,,,
"#X#185","SZGEShape-HotAngle","Make","200x200x16 EA",,,"200","200","16","16","18",,"5",,,,
"#X#186","SZGEShape-HotAngle","Make","200x200x13 EA",,,"200","200","13","13","18",,"5",,,,
"#X#187","SZGEShape-HotAngle","Make","150x150x19 EA",,,"150","150","19","19","13",,"5",,,,
"#X#188","SZGEShape-HotAngle","Make","150x150x16 EA",,,"150","150","15.8","15.8","13",,"5",,,,
"#X#189","SZGEShape-HotAngle","Make","150x150x12 EA",,,"150","150","12","12","13",,"5",,,,
"#X#190","SZGEShape-HotAngle","Make","150x150x10 EA",,,"150","150","9.5","9.5","13",,"5",,,,
"#X#191","SZGEShape-HotAngle","Make","125x125x16 EA",,,"125","125","15.8","15.8","10",,"5",,,,
"#X#192","SZGEShape-HotAngle","Make","125x125x12 EA",,,"125","125","12","12","10",,"5",,,,
"#X#193","SZGEShape-HotAngle","Make","125x125x10 EA",,,"125","125","9.5","9.5","10",,"5",,,,
"#X#194","SZGEShape-HotAngle","Make","125x125x8 EA",,,"125","125","7.8","7.8","10",,"5",,,,
"#X#195","SZGEShape-HotAngle","Make","100x100x12 EA",,,"100","100","12","12","8",,"5",,,,
"#X#196","SZGEShape-HotAngle","Make","100x100x10 EA",,,"100","100","9.5","9.5","8",,"5",,,,
"#X#197","SZGEShape-HotAngle","Make","100x100x8 EA",,,"100","100","7.8","7.8","8",,"5",,,,
"#X#198","SZGEShape-HotAngle","Make","100x100x6 EA",,,"100","100","6","6","8",,"5",,,,
"#X#199","SZGEShape-HotAngle","Make","90x90x10 EA",,,"90","90","9.5","9.5","8",,"5",,,,
"#X#200","SZGEShape-HotAngle","Make","90x90x8 EA",,,"90","90","7.8","7.8","8",,"5",,,,
"#X#201","SZGEShape-HotAngle","Make","90x90x6 EA",,,"90","90","6","6","8",,"5",,,,
"#X#202","SZGEShape-HotAngle","Make","75x75x10 EA",,,"75","75","9.5","9.5","8",,"5",,,,
"#X#203","SZGEShape-HotAngle","Make","75x75x8 EA",,,"75","75","7.8","7.8","8",,"5",,,,
"#X#204","SZGEShape-HotAngle","Make","75x75x6 EA",,,"75","75","6","6","8",,"5",,,,
"#X#205","SZGEShape-HotAngle","Make","75x75x5 EA",,,"75","75","4.6","4.6","8",,"5",,,,
"#X#206","SZGEShape-HotAngle","Make","65x65x10 EA",,,"65","65","9.5","9.5","6",,"3",,,,
"#X#207","SZGEShape-HotAngle","Make","65x65x8 EA",,,"65","65","7.8","7.8","6",,"3",,,,
"#X#208","SZGEShape-HotAngle","Make","65x65x6 EA",,,"65","65","6","6","6",,"3",,,,
"#X#209","SZGEShape-HotAngle","Make","65x65x5 EA",,,"65","65","4.6","4.6","6",,"3",,,,
"#X#210","SZGEShape-HotAngle","Make","55x55x6 EA",,,"55","55","6","6","6",,"3",,,,
"#X#211","SZGEShape-HotAngle","Make","55x55x5 EA",,,"55","55","4.6","4.6","6",,"3",,,,
"#X#212","SZGEShape-HotAngle","Make","50x50x8 EA",,,"50","50","7.8","7.8","6",,"3",,,,
"#X#213","SZGEShape-HotAngle","Make","50x50x6 EA",,,"50","50","6","6","6",,"3",,,,
"#X#214","SZGEShape-HotAngle","Make","50x50x5 EA",,,"50","50","4.6","4.6","6",,"3",,,,
"#X#215","SZGEShape-HotAngle","Make","50x50x3 EA",,,"50","50","3","3","6",,"3",,,,
"#X#216","SZGEShape-HotAngle","Make","45x45x6 EA",,,"45","45","6","6","5",,"3",,,,
"#X#217","SZGEShape-HotAngle","Make","45x45x5 EA",,,"45","45","4.6","4.6","5",,"3",,,,
"#X#218","SZGEShape-HotAngle","Make","45x45x3 EA",,,"45","45","3","3","5",,"3",,,,
"#X#219","SZGEShape-HotAngle","Make","40x40x6 EA",,,"40","40","6","6","5",,"3",,,,
"#X#220","SZGEShape-HotAngle","Make","40x40x5 EA",,,"40","40","4.6","4.6","5",,"3",,,,
"#X#221","SZGEShape-HotAngle","Make","40x40x3 EA",,,"40","40","3","3","5",,"3",,,,
"#X#222","SZGEShape-HotAngle","Make","30x30x6 EA",,,"30","30","6","6","5",,"3",,,,
"#X#223","SZGEShape-HotAngle","Make","30x30x5 EA",,,"30","30","4.6","4.6","5",,"3",,,,
"#X#224","SZGEShape-HotAngle","Make","30x30x3 EA",,,"30","30","3","3","5",,"3",,,,
"#X#225","SZGEShape-HotAngle","Make","25x25x6 EA",,,"25","25","6","6","5",,"3",,,,
"#X#226","SZGEShape-HotAngle","Make","25x25x5 EA",,,"25","25","4.6","4.6","5",,"3",,,,
"#X#227","SZGEShape-HotAngle","Make","25x25x3 EA",,,"25","25","3","3","5",,"3",,,,
"#X#228","SZGEShape-HotAngle","Make","150x100x12 UA",,,"100","150","12","12","10",,"5",,,,
"#X#229","SZGEShape-HotAngle","Make","150x100x10 UA",,,"100","150","9.5","9.5","10",,"5",,,,
"#X#230","SZGEShape-HotAngle","Make","150x90x16 UA",,,"90","150","15.8","15.8","10",,"5",,,,
"#X#231","SZGEShape-HotAngle","Make","150x90x12 UA",,,"90","150","12","12","10",,"5",,,,
"#X#232","SZGEShape-HotAngle","Make","150x90x10 UA",,,"90","150","9.5","9.5","10",,"5",,,,
"#X#233","SZGEShape-HotAngle","Make","150x90x8 UA",,,"90","150","7.8","7.8","10",,"5",,,,
"#X#234","SZGEShape-HotAngle","Make","125x75x12 UA",,,"75","125","12","12","8",,"5",,,,
"#X#235","SZGEShape-HotAngle","Make","125x75x10 UA",,,"75","125","9.5","9.5","8",,"5",,,,
"#X#236","SZGEShape-HotAngle","Make","125x75x8 UA",,,"75","125","7.8","7.8","8",,"5",,,,
"#X#237","SZGEShape-HotAngle","Make","125x75x6 UA",,,"75","125","6","6","8",,"5",,,,
"#X#238","SZGEShape-HotAngle","Make","100x75x10 UA",,,"75","100","9.5","9.5","8",,"5",,,,
"#X#239","SZGEShape-HotAngle","Make","100x75x8 UA",,,"75","100","7.8","7.8","8",,"5",,,,
"#X#240","SZGEShape-HotAngle","Make","100x75x6 UA",,,"75","100","6","6","8",,"5",,,,
"#X#241","SZGEShape-HotAngle","Make","75x50x8 UA",,,"50","75","7.8","7.8","7",,"3",,,,
"#X#242","SZGEShape-HotAngle","Make","75x50x6 UA",,,"50","75","6","6","7",,"3",,,,
"#X#243","SZGEShape-HotAngle","Make","75x50x5 UA",,,"50","75","4.6","4.6","7",,"3",,,,
"#X#244","SZGEShape-HotAngle","Make","65x50x8 UA",,,"50","65","7.8","7.8","6",,"3",,,,
"#X#245","SZGEShape-HotAngle","Make","65x50x6 UA",,,"50","65","6","6","6",,"3",,,,
"#X#246","SZGEShape-HotAngle","Make","65x50x5 UA",,,"50","65","4.6","4.6","6",,"3",,,,
"#X#247","SZGEShape-ZPurlin","Make","Z10010",,"1",,"102",,,,,,"5","12.5","49","53"
"#X#248","SZGEShape-ZPurlin","Make","Z10012",,"1.2",,"102",,,,,,"5","12.5","49","53"
"#X#249","SZGEShape-ZPurlin","Make","Z10015",,"1.5",,"102",,,,,,"5","13.5","49","53"
"#X#250","SZGEShape-ZPurlin","Make","Z10019",,"1.9",,"102",,,,,,"5","14.5","49","53"
"#X#251","SZGEShape-ZPurlin","Make","Z15012",,"1.2",,"152",,,,,,"5","14.5","61","65"
"#X#252","SZGEShape-ZPurlin","Make","Z15015",,"1.5",,"152",,,,,,"5","15.5","61","65"
"#X#253","SZGEShape-ZPurlin","Make","Z15019",,"1.9",,"152",,,,,,"5","16.5","61","65"
"#X#254","SZGEShape-ZPurlin","Make","Z15024",,"2.4",,"152",,,,,,"5","18.5","60","66"
"#X#255","SZGEShape-ZPurlin","Make","Z20015",,"1.5",,"203",,,,,,"5","15.5","74","79"
"#X#256","SZGEShape-ZPurlin","Make","Z20019",,"1.9",,"203",,,,,,"5","19","74","79"
"#X#257","SZGEShape-ZPurlin","Make","Z20024",,"2.4",,"203",,,,,,"5","21","73","79"
"#X#258","SZGEShape-ZPurlin","Make","Z25019",,"1.9",,"254",,,,,,"5","18.5","74","79"
"#X#259","SZGEShape-ZPurlin","Make","Z25024",,"2.4",,"254",,,,,,"5","20.5","73","79"
"#X#260","SZGEShape-ZPurlin","Make","Z30024",,"2.4",,"300",,,,,,"5","27.5","93","100"
"#X#261","SZGEShape-ZPurlin","Make","Z30030",,"3",,"300",,,,,,"5","31.5","93","100"
"#X#262","SZGEShape-ZPurlin","Make","Z35030",,"3",,"350",,,,,,"5","30","121","129"
"#X#263","SZGEShape-CPurlin","Make","C10010",,"1","51","102",,,,,,"5","12.5",,
"#X#264","SZGEShape-CPurlin","Make","C10012",,"1.2","51","102",,,,,,"5","12.5",,
"#X#265","SZGEShape-CPurlin","Make","C10015",,"1.5","51","102",,,,,,"5","13.5",,
"#X#266","SZGEShape-CPurlin","Make","C10019",,"1.9","51","102",,,,,,"5","14.5",,
"#X#267","SZGEShape-CPurlin","Make","C15012",,"1.2","64","152",,,,,,"5","14.5",,
"#X#268","SZGEShape-CPurlin","Make","C15015",,"1.5","64","152",,,,,,"5","15.5",,
"#X#269","SZGEShape-CPurlin","Make","C15019",,"1.9","64","152",,,,,,"5","16.5",,
"#X#270","SZGEShape-CPurlin","Make","C15024",,"2.4","64","152",,,,,,"5","18.5",,
"#X#271","SZGEShape-CPurlin","Make","C20015",,"1.5","76","203",,,,,,"5","15.5",,
"#X#272","SZGEShape-CPurlin","Make","C20019",,"1.9","76","203",,,,,,"5","19",,
"#X#273","SZGEShape-CPurlin","Make","C20024",,"2.4","76","203",,,,,,"5","21",,
"#X#274","SZGEShape-CPurlin","Make","C25019",,"1.9","76","254",,,,,,"5","18.5",,
"#X#275","SZGEShape-CPurlin","Make","C25024",,"2.4","76","254",,,,,,"5","20.5",,
"#X#276","SZGEShape-CPurlin","Make","C30024",,"2.4","96","300",,,,,,"5","27.5",,
"#X#277","SZGEShape-CPurlin","Make","C30030",,"3","96","300",,,,,,"5","31.5",,
"#X#278","SZGEShape-CPurlin","Make","C35030",,"3","125","350",,,,,,"5","30",,
